{"results": [{"bamfilename": "/home/agarcia/PycharmProjects/ngscat/example2.bam", "enrichment": 5069.30533989366, "onread": 159900, "percontotal": 67.31639547856105, "totalread": 237535, "onperchr": {"chr2": 2613, "chr3": 1627, "chr4": 11531, "chr5": 10105, "chr6": 2338, "chr7": 6732, "chr8": 1956, "chr9": 4592, "chr10": 5160, "chr11": 20660, "chr12": 6839, "chr13": 3320, "chr14": 5582, "chr15": 6387, "chr16": 24565, "chr17": 7022, "chr18": 3428, "chr19": 19112, "chr20": 7028, "chr21": 1272, "chr22": 4215, "chrX": 1905, "chrY": 1911}, "totalperchr": {"chr2": 5125, "chr3": 1686, "chr4": 15826, "chr5": 11403, "chr6": 3526, "chr7": 8921, "chr8": 4781, "chr9": 4845, "chr10": 5160, "chr11": 24774, "chr12": 8914, "chr13": 4908, "chr14": 8957, "chr15": 8268, "chr16": 31707, "chr17": 12616, "chr18": 3428, "chr19": 23847, "chr20": 8119, "chr21": 4772, "chr22": 6199, "chrX": 3117, "chrY": 3089}, "perconperchr": {"chr2": 50.985365853658536, "chr3": 96.5005931198102, "chr4": 72.8611146215089, "chr5": 88.61703060598089, "chr6": 66.30743051616562, "chr7": 75.46239210850801, "chr8": 40.91194310813637, "chr9": 94.7781217750258, "chr10": 100.0, "chr11": 83.39388068135949, "chr12": 76.72201032084362, "chr13": 67.64466177669112, "chr14": 62.31997320531428, "chr15": 77.24963715529753, "chr16": 77.47500551928596, "chr17": 55.659480025364616, "chr18": 100.0, "chr19": 80.14425294586322, "chr20": 86.56238453011454, "chr21": 26.655490360435877, "chr22": 67.99483787707695, "chrX": 61.11645813282002, "chrY": 61.86468112657818}, "retonduplicates": [67.31639547856105], "retoffduplicates": [22.770539078451595], "legend": "example2.bam", "onduplicates": {"1x": 98861.0, "2x": 45598.0, "3x": 11217.0, "4x": 2316.0, "5x": 300.0, "6x": 186.0, "7x": 182.0, "8x": 224.0, "9x": 153.0, "10x": 210.0, "11x": 165.0, "12x": 120.0, "13x": 130.0, "14x": 126.0, "15x": 30.0, "16x": 48.0, "17x": 34.0}, "offduplicates": {"1x": 34768.0, "2x": 15214.0, "3x": 3438.0, "4x": 556.0, "5x": 100.0, "6x": 12.0, "7x": 0, "8x": 0, "9x": 0, "10x": 0, "11x": 0, "12x": 0, "13x": 0, "14x": 0, "15x": 0, "16x": 0, "17x": 0}, "perconduplicates": {"1x": 61.82676672920575, "2x": 28.51657285803627, "3x": 7.01500938086304, "4x": 1.448405253283302, "5x": 0.18761726078799248, "6x": 0.11632270168855535, "7x": 0.11382113821138211, "8x": 0.14008755472170106, "9x": 0.09568480300187618, "10x": 0.13133208255159476, "11x": 0.10318949343339587, "12x": 0.075046904315197, "13x": 0.08130081300813008, "14x": 0.07879924953095685, "15x": 0.01876172607879925, "16x": 0.0300187617260788, "17x": 0.02126328955597248}, "percoffduplicates": {"1x": 44.7839247761963, "2x": 19.596831326077155, "3x": 4.4284150189991625, "4x": 0.7161718297159786, "5x": 0.1288078830424422, "6x": 0.015456945965093064, "7x": 0.0, "8x": 0.0, "9x": 0.0, "10x": 0.0, "11x": 0.0, "12x": 0.0, "13x": 0.0, "14x": 0.0, "15x": 0.0, "16x": 0.0, "17x": 0.0}, "onoff_status": "Not OK", "duplicates_status": "OK"}], "bedfile": "/home/agarcia/PycharmProjects/ngscat/seqcap.example2.bed", "outdir": "/home/agarcia/PycharmProjects/ngscat3/", "maxduplicates": 7}